date,name,nationality,cause_of_death,mountain
8/24/1985,Ragobir Thapa Ghurka,Nepal,Avalanche,nanga_parbat
8/24/1985,Albert F. Mummery,United Kingdom,Avalanche,nanga_parbat
8/24/1985,Goman Singh Ghurka,Nepal,Avalanche,nanga_parbat
6/7/1922,Dorje,Nepal,Avalanche,everest
6/7/1922,Temba,Nepal,Avalanche,everest
6/7/1922,Sange,Nepal,Avalanche,everest
6/7/1922,Pema,Nepal,Avalanche,everest
6/7/1922,Pasang,Nepal,Avalanche,everest
6/7/1922,Norbu,Nepal,Avalanche,everest
6/7/1922,Lhakpa,Nepal,Avalanche,everest
5/13/1924,Man Bahadur,Nepal,Pneumonia,everest
5/17/1924,Lance-Naik Shamsherpun,Nepal,Brain hemorrhage,everest
6/9/1924,George Mallory,United Kingdom,Possible ice axe injury following a fall. Body found in 1999,everest
6/9/1924,Andrew Irvine,United Kingdom,Unknown. Body never found,everest
5/31/1934,Maurice Wilson,United Kingdom,"Possible exhaustion, exposure or starvation. Body found 1935",everest
6/8/1934,Alfred Drexel,Nazi Germany,Pneumonia,nanga_parbat
7/9/1934,Nima Nurbu,British Raj,Unknown,nanga_parbat
7/9/1934,Ulrich Wieland,Nazi Germany,Unknown,nanga_parbat
7/10/1934,Nima Tashi,British Raj,Exposure,nanga_parbat
7/10/1934,Sherpa Dakshi,British Raj,Unknown,nanga_parbat
7/10/1934,Pinju Norbu,British Raj,Exposure,nanga_parbat
7/10/1934,Dorje Nima,British Raj,Exposure,nanga_parbat
7/12/1934,Wilhelm Welzenbach,Nazi Germany,Exposure,nanga_parbat
7/17/1934,Sherpa Gyali,British Raj,Unknown,nanga_parbat
7/17/1934,Willy Merkl,Nazi Germany,Unknown,nanga_parbat
6/15/1937,Adolf Göttner,Nazi Germany,Avalanche,nanga_parbat
6/15/1937,Hans Hartmann,Nazi Germany,Avalanche,nanga_parbat
6/15/1937,Günther Hepp,Nazi Germany,Avalanche,nanga_parbat
6/15/1937,Peter Müllritter,Nazi Germany,Avalanche,nanga_parbat
6/15/1937,Martin Pfeffer,Nazi Germany,Avalanche,nanga_parbat
6/15/1937,Karl Wien,Nazi Germany,Avalanche,nanga_parbat
6/15/1937,Tigmay,British Raj,Avalanche,nanga_parbat
6/15/1937,Pert Fankhauser,Austria,Avalanche,nanga_parbat
6/15/1937,Pasang Norbu,British Raj,Avalanche,nanga_parbat
6/15/1937,Nima Tsering I,British Raj,Avalanche,nanga_parbat
6/15/1937,Nima Tsering II,British Raj,Avalanche,nanga_parbat
6/15/1937,Mingma Tsering,British Raj,Avalanche,nanga_parbat
6/15/1937,Karmi,British Raj,Avalanche,nanga_parbat
6/15/1937,Gyalgen Monjo,British Raj,Avalanche,nanga_parbat
6/15/1937,Chong Karma,British Raj,Avalanche,nanga_parbat
6/15/1937,Ang Tshering II,British Raj,Avalanche,nanga_parbat
7/30/1939,Dudley Wolfe,USA,Altitude sickness and severe dehydration,k2
7/31/1939,Pasang Kitar,Nepal,Disappearance,k2
7/31/1939,Pasang Kikuli,Nepal,Disappearance,k2
7/31/1939,Pintso,Nepal,Disappearance,k2
12/4/1950,William H. Crace,United Kingdom,Unknown,nanga_parbat
12/4/1950,John W. Thornley,United Kingdom,Unknown,nanga_parbat
10/31/1952,Dorje Mingma,Nepal,Falling ice,everest
8/10/1953,Art Gilkey,USA,Avalanche,k2
6/21/1954,Mario Puchoz,Italy,Pneumonia,k2
6/30/1954,Francisco (Paco) Ibanez,Argentina,Exposure,dhaulagiri1
9/26/1954,Dilli Bahadur Verma,Nepal,Pneumonia,makalu
5/26/1956,Bal Bahadur,Nepal,Avalanche,dhaulagiri1
4/28/1958,Narendra Dhar Jayal,India,Altitude sickness,cho_oyu
4/29/1959,Heinrich Roiss,Austria,Cold/Exhaustion,dhaulagiri1
10/2/1959,Chhowang,Nepal,Avalanche,cho_oyu
10/2/1959,Claude Kogan,France,Avalanche,cho_oyu
10/2/1959,Claudine van der Straten-Ponthoz,Belgium,Avalanche,cho_oyu
10/2/1959,Ang Norbu,Nepal,Avalanche,cho_oyu
4/11/1960,Wang Ji,China,Mountain sickness,everest
4/29/1960,Shao Shi-Ching [note 3],China,Unknown,everest
4/28/1962,Nawang Tshering,Nepal,Unknown,everest
6/23/1962,Siegfried (Sigi) Löw,Germany,Fall,nanga_parbat
3/23/1963,Jake Breitenbach,United States,Crushed under serac,everest
5/4/1964,Georg Huber,West Germany,Altitude sickness,cho_oyu
5/7/1964,Alois Thurmayr,West Germany,Altitude sickness,cho_oyu
5/1/1966,Ma Gao-shu,China,Fall,everest
4/28/1969,Paul Gerhard,United States,Avalanche,dhaulagiri1
4/28/1969,Tenzing,Nepal,Avalanche,dhaulagiri1
4/28/1969,Pemba Phutar,Nepal,Avalanche,dhaulagiri1
4/28/1969,Boyd Everett,United States,Avalanche,dhaulagiri1
4/28/1969,David Seidman,United States,Avalanche,dhaulagiri1
4/28/1969,Ross William,United States,Avalanche,dhaulagiri1
4/28/1969,Vincent Hoeman,United States,Avalanche,dhaulagiri1
10/18/1969,Phu Dorjee Sherpa,Nepal,Fall into a crevasse,everest
4/5/1970,Kami Tshering,Nepal,Avalanche,everest
4/5/1970,Pasang,Nepal,Avalanche,everest
4/5/1970,Mima Norbu,Nepal,Avalanche,everest
4/5/1970,Kunga Norbu,Nepal,Avalanche,everest
4/5/1970,Nima Dorje,Nepal,Avalanche,everest
4/9/1970,Kyak Tsering,Nepal,by fall of seracs,everest
4/21/1970,Kiyoshi Narita,Japan,Heart attack,everest
5/30/1970,Ian Clough,United Kingdom,Serac fall,annapurna1
6/29/1970,Günther Messner,Italy,Avalanche,nanga_parbat
4/18/1971,Harsh Vardhan,India,Succumbed after falling and being suspended above a crevasse during a blizzard,everest
5/4/1971,Ki-sup Kim,South Korea,Fall,manaslu
7/8/1971,Näbi Mantas Hunza,Pakistan,Fall,nanga_parbat
4/10/1972,Sae-keon Oh,South Korea,Avalanche,manaslu
4/10/1972,Joon-haeng Song,South Korea,Avalanche,manaslu
4/10/1972,Ho-sup Kim,South Korea,Avalanche,manaslu
4/10/1972,Ang Mingma (a),Nepal,Avalanche,manaslu
4/10/1972,Kazunari Yasuhisha,Japan,Avalanche,manaslu
4/10/1972,Chang-hee Park,South Korea,Avalanche,manaslu
4/10/1972,Wangel,Nepal,Avalanche,manaslu
4/10/1972,Rinsing Ongyal,Nepal,Avalanche,manaslu
4/10/1972,Phurba Tenzing,Nepal,Avalanche,manaslu
4/10/1972,Pemba Rinji (Nawang Chultim),Nepal,Avalanche,manaslu
4/10/1972,Pasang Nima,Nepal,Avalanche,manaslu
4/10/1972,Gyalze,Nepal,Avalanche,manaslu
4/10/1972,Ang Tendi (Ang Dawa),Nepal,Avalanche,manaslu
4/10/1972,Ang Rita,Nepal,Avalanche,manaslu
4/10/1972,Ang Mingma (b),Nepal,Avalanche,manaslu
4/25/1972,Franz Jäger,Austria,Unknown (disappeared),manaslu
4/26/1972,Andi Schlick,Austria,Unknown (disappeared),manaslu
11/16/1972,Tony Tighe,Australia,Crushed under serac,everest
5/18/1973,Tadashi Ushigoe,Japan,Avalanche,annapurna1
5/18/1973,Masanori Hama,Japan,Avalanche,annapurna1
5/18/1973,Kazumi Katagiri,Japan,Avalanche,annapurna1
5/18/1973,Rinje,Nepal,Avalanche,annapurna1
5/18/1973,Sadatoshi Takahashi,Japan,Avalanche,annapurna1
5/26/1973,Jan Kounický,Czechoslovakia,Fall,makalu
9/26/1973,Leo Cerruti,Italy,Avalanche,annapurna1
9/26/1973,Miller Rava,Italy,Avalanche,annapurna1
10/12/1973,Jangbu,Nepal,Avalanche,everest
5/5/1974,Teiko Suzuki,Japan,Unknown (disappeared),manaslu
9/9/1974,Pemba Dorje,Nepal,Avalanche,everest
9/9/1974,Gérard Devouassoux,France,Avalanche,everest
9/9/1974,Lhakpa,Nepal,Avalanche,everest
9/9/1974,Nawang Lutuk,Nepal,Avalanche,everest
9/9/1974,Nima Wangchu,Nepal,Avalanche,everest
9/9/1974,Sanu Wongal,Nepal,Avalanche,everest
12/17/1974,Stanislaw Latałło,Poland,Exhaustion,lhotse
3/26/1975,Pasang Kami,Nepal,Avalanche,dhaulagiri1
3/26/1975,Tetsu Imura,Japan,Avalanche,dhaulagiri1
3/26/1975,Yoshitada Numao,Japan,Avalanche,dhaulagiri1
3/26/1975,Dorje,Nepal,Avalanche,dhaulagiri1
3/26/1975,Dakiya,Nepal,Avalanche,dhaulagiri1
4/16/1975,Franz Tegischer,Austria,Avalanche,annapurna1
5/4/1975,Wu Zhuong Yue [note 4],China,"Exhaustion, fall",everest
6/29/1975,Bernard Villaret,France,"Cold, exhaustion",gasherbrum2
7/28/1975,Bohdan Nowaczyk,Poland,Fall,broad_peak
7/29/1975,Andrzej Sikorski,Poland,Fall,broad_peak
7/29/1975,Marek Kęsicki,Poland,Fall,broad_peak
8/1/1975,Unknown ; deaf-mute Sherpa porter,Nepal,Drowned,everest
9/26/1975,Mick Burke,United Kingdom,Disappearance (likely accidental death during climb),everest
4/10/1976,Terry Thompson,United Kingdom,Fall into a crevasse,everest
5/25/1976,Karel Schubert,Czechoslovakia,"Cold, exhaustion",makalu
5/27/1976,Taketoshi Miyamoto,Japan,Fall,gasherbrum2
5/27/1976,Yoshinori Hiramatsu,Japan,Fall,gasherbrum2
6/1/1976,Osamu Matsuura,Japan,Exhaustion,gasherbrum2
9/26/1976,Sebastian (Wastl) Arnold,Austria,Fall,nanga_parbat
5/12/1977,Max Lutz,West Germany,Fall,lhotse
6/10/1977,Drago Bregar,Yugoslavia,Disappeared,gasherbrum1
7/31/1977,George Bogel,United States,Avalanche,nanga_parbat
7/31/1977,Robert Broughton,United States,Avalanche,nanga_parbat
4/18/1978,Shi Ming-ji,China,Fall into a crevasse,everest
4/18/1978,Dawa Nuru,Nepal,Fall into a crevasse,everest
4/21/1978,Katsumi Naganuma,Japan,Exhaustion,dhaulagiri1
6/12/1978,Nick Estcourt,United Kingdom,Avalanche,k2
9/23/1978,Hiroshi Akuzawa,Japan,Avalanche,dhaulagiri1
9/23/1978,Kiyoshi Kobayashi,Japan,Avalanche,dhaulagiri1
9/23/1978,Yujiro Fukasawa,Japan,Avalanche,dhaulagiri1
10/6/1978,Andrzej Młynarczyk,Poland,Avalanche,makalu
10/17/1978,Alison Chadwick-Onyszkiewicz,United Kingdom,Fall,annapurna1
10/17/1978,Vera Watson,United States,Fall,annapurna1
10/20/1978,Katsuyoshi Kogure,Japan,Fall/Exposure,dhaulagiri1
5/1/1979,Yves Morin,France,Exhaustion,annapurna1
5/13/1979,Jean-Louis Sabarly,France,Avalanche,dhaulagiri1
5/13/1979,Eric Poumailloux,France,Avalanche,dhaulagiri1
5/14/1979,Sherpa Pemba,Nepal,Disappeared,dhaulagiri1
5/16/1979,Ang Phu,Nepal,Fall,everest
6/9/1979,"Ali, Son of Kazim",Pakistan,Fall into crevasse,k2
8/19/1979,Laskhar Khan,Pakistan,Stroke,k2
9/19/1979,Eric Roberts,United Kingdom,Avalanche,annapurna1
9/19/1979,Maynard Cohick,United States,Avalanche,annapurna1
9/19/1979,Gil Harder,United States,Avalanche,annapurna1
10/2/1979,Ray Genet,United States,"Exposure, exhaustion",everest
10/2/1979,Hannelore Schmatz,West Germany,"Exposure, exhaustion",everest
10/8/1979,Edgardo Jose Porsellana,Argentina,Avalanche,manaslu
10/12/1979,Lou Lan [note 5],China,Avalanche,everest
10/12/1979,Wang Hong-bao,China,Avalanche,everest
10/12/1979,Nima Thaxi [note 6],China,Avalanche,everest
4/28/1980,Nicolas Jaeger,France,Disappearance (on Lhotse Shar),lhotse
5/2/1980,Akira Ube,Japan,Avalanche,everest
5/17/1980,Pasang Nima,Nepal,Avalanche,lhotse
9/6/1980,Nawang Kersang,Nepal,Fall,everest
9/22/1980,Mario Piana,Italy,Crushed under serac,everest
10/7/1980,Lynette R. Griffith,Australia,Avalanche,dhaulagiri1
1/12/1981,Noboru Takenaka,Japan,Fall,everest
5/23/1981,Mario Serrano,Argentina,Cold/Exhaustion,dhaulagiri1
8/5/1981,Enric Pujol,Spain,Fall,broad_peak
9/27/1981,Pemba Tshering,Nepal,Avalanche,annapurna1
9/27/1981,Ang Nima,Nepal,Avalanche,annapurna1
9/28/1981,Andre Durieux,France,Avalanche,annapurna1
9/28/1981,Yves Favre,France,Avalanche,annapurna1
10/16/1981,Philippe Petten,Switzerland,Disappearance (on Lhotse Shar),lhotse
10/16/1981,Pierre Favez,Switzerland,Disappearance (on Lhotse Shar),lhotse
10/31/1981,Yasuji Kato,Japan,Fall,annapurna1
4/28/1982,Matloob Hassan Nuri,Pakistan,Fall into crevasse,nanga_parbat
5/4/1982,Werner Bürkli,Switzerland,Heart attack,annapurna1
5/10/1982,Pere Aymerich,Spain,Avalanche,manaslu
5/10/1982,Enric Font,Spain,Avalanche,manaslu
5/12/1982,Rai Shanti,Nepal,Fall,annapurna1
5/15/1982,Marty Hoey,United States,Fall,everest
5/17/1982,Joe Tasker,United Kingdom,Disappearance (likely accidental death during climb),everest
5/17/1982,Peter Boardman,United Kingdom,Disappearance (likely accidental death during climb),everest
5/19/1982,Reinhard Karl,West Germany,Avalanche,cho_oyu
6/4/1982,Peter Forrer,Switzerland,Avalanche,nanga_parbat
6/8/1982,Peter Hiltbrand,Switzerland,Altitude sickness,nanga_parbat
6/12/1982,Ali Sheikh,Pakistan,Fall,nanga_parbat
7/2/1982,Glenn Brindeiro,United States,Avalanche,gasherbrum2
7/15/1982,Gerhard Gruner,West Germany,Disappeared,gasherbrum2
7/15/1982,Norbert Wolf,Austria,Cold,gasherbrum2
7/30/1982,Halina Krüger-Syrokomska,Poland,Stroke,k2
8/15/1982,Yukihiro Yanagisawa,Japan,Fall,k2
8/31/1982,Dawa Dorje,Nepal,Avalanche,everest
8/31/1982,Ang Chuldim,Nepal,Avalanche,everest
8/31/1982,Pasang Sona,Nepal,Avalanche,everest
9/2/1982,Blair Griffiths,Canada,Crushed under serac,everest
9/26/1982,Tadeusz Szulc,Poland,Illness,makalu
9/27/1982,Lhakpa Tshering,Nepal,Internal hemorrhage,everest
10/14/1982,Nima Dorje,Nepal,Fall,everest
10/17/1982,Alex MacIntyre,United Kingdom,Rock fall,annapurna1
10/18/1982,Susumu Akimatsu,Japan,Avalanche,annapurna1
10/18/1982,Miko Ono,Japan,Avalanche,annapurna1
12/18/1982,Takashi Sakuma,Japan,"Cold, Exhaustion",manaslu
12/28/1982,Toshiaki Kobayashi,Japan,Disappearance (likely accidental death during climb),everest
12/28/1982,Yasuo Kato,Japan,Disappearance (likely accidental death during climb),everest
4/24/1983,Ante Bućan,Yugoslavia,Avalanche,manaslu
4/24/1983,Nejc Zaplotnik,Yugoslavia,Avalanche,manaslu
4/28/1983,Fritz Luchsinger,Switzerland,Altitude sickness,shishapangma
6/17/1983,Kazuo Shimura,Japan,Fall,nanga_parbat
6/29/1983,Peter Thexton,United Kingdom,Pulmonary edema,broad_peak
7/12/1983,Satoshi Iida,Japan,Avalanche,nanga_parbat
7/12/1983,Nobuyoshi Yamada,Japan,Avalanche,nanga_parbat
7/12/1983,Yuichiro Takamori,Japan,Avalanche,nanga_parbat
9/24/1983,Rama Magar Tika,Nepal,Avalanche,annapurna1
9/24/1983,Magar Maila,Nepal,Avalanche,annapurna1
9/24/1983,Yang-kun Chung,South Korea,Avalanche,annapurna1
10/3/1983,William Denz,New Zealand,Avalanche,makalu
10/8/1983,Hironobu Kamuro,Japan,Fall,everest
10/8/1983,Pasang Temba,Nepal,Fall,everest
10/9/1983,Hiroshi Yoshino,Japan,Fall,everest
10/15/1983,Mark Moorhead,Australia,Fall,makalu
12/11/1983,Stanisław Jaworski,Poland,Fall,manaslu
3/26/1984,Ang Rinji,Nepal,Avalanche,everest
4/3/1984,Tony Swierzy,United Kingdom,Avalanche,everest
4/21/1984,Hristo Ivanov Prodanov,Bulgaria,Disappearance (likely accidental death during descent),everest
4/21/1984,Patrick Taglianut,France,Avalanche,annapurna1
4/21/1984,Philippe Dumas,France,Avalanche,annapurna1
7/7/1984,Takashi Kogure,Japan,Avalanche,nanga_parbat
7/7/1984,Shigeoh Hida,Japan,Avalanche,nanga_parbat
7/7/1984,Fuji Tsunoda,Japan,Avalanche,nanga_parbat
7/7/1984,Nobuyuki Imakyurei,Japan,Avalanche,nanga_parbat
9/13/1984,Ram Bahadur Shresta,Nepal,Pulmonary edema at base camp,makalu
10/9/1984,Craig Nottle,Australia,Fall,everest
10/9/1984,William (Fred) From,Australia,"Fall, while searching for Craig Nottle",everest
10/16/1984,Jozef Psotka,Czechoslovakia,Fall,everest
10/23/1984,Jan Simon,Czechoslovakia,Fall,dhaulagiri1
10/24/1984,Yogendra Bahadur Thapa,Nepal,Fall,everest
10/24/1984,Ang Dorje,Nepal,Fall,everest
12/7/1984,Keepa,Nepal,Unknown,annapurna1
12/7/1984,Pasang Norbu,Nepal,Unknown,annapurna1
12/8/1984,Hiromi Kameda,Japan,Fall,nanga_parbat
5/4/1985,Thomas Juen,Austria,Avalanche,manaslu
5/12/1985,Juanjo Navarro,Spain,Fall,everest
5/16/1985,Hans Frick,Canada,Avalanche,broad_peak
6/24/1985,Toru Nakano,Japan,Fall,gasherbrum2
7/7/1985,Daniel Lacroix,France,Unknown (disappeared),k2
7/10/1985,Piotr Kalmus,Poland,Avalanche,nanga_parbat
7/11/1985,Pierre Bouygues,France,Illness,gasherbrum2
8/18/1985,Barbara Kozłowska,Poland,Drowned in a glacier stream above BC,broad_peak
9/19/1985,Shinichi Ishii,Japan,Avalanche,everest
10/7/1985,Kiran Inder Kumar,India,Fall,everest
10/11/1985,M.U. Bhaskar Rao,India,Exposure,everest
10/11/1985,Jai Bahugana,India,Exposure,everest
10/11/1985,Ranjeet Singh Bakshi,India,Exposure,everest
10/11/1985,Vijay Pal Singh Negi,India,Exposure,everest
10/25/1985,Nima Norbu Sherpa,Nepal,Avalanche,manaslu
10/25/1985,Rafał Chołda,Poland,Fall,lhotse
5/3/1986,Wilhelm Klaiber,West Germany,Unknown (disappeared),manaslu
5/4/1986,Dieter Oberbichler,Austria,Fall,manaslu
5/31/1986,Muhammad Ali Ghulam,Pakistan,Pneumonia,gasherbrum1
6/21/1986,John Smolich,USA,Avalanche,k2
6/21/1986,Alan Pennington,USA,Avalanche,k2
6/24/1986,Liliane Barrard,France,"Lost, Body 1998 found near Camp 1",k2
6/24/1986,Maurice Barrard,France,"Lost, Body 1998 found near Camp 1",k2
7/10/1986,Tadeusz Piotrowski,Poland,Fall,k2
7/12/1986,Carlos Rabago,Spain,Illness,gasherbrum2
7/16/1986,Renato Casarotto,Italy,Fall into crevasse,k2
8/3/1986,Wojciech Wróż [pl],Poland,Fall,k2
8/4/1986,Mohammad Ali,Pakistan,Stonefall,k2
8/7/1986,Julie Tullis,United Kingdom,Altitude sickness,k2
8/10/1986,Alfred Imitzer,Austria,Altitude sickness,k2
8/10/1986,Dobrosława Miodowicz-Wolf,Poland,Exhaustion,k2
8/10/1986,Hannes Wieser,Austria,Altitude sickness,k2
8/10/1986,Alan Rouse,United Kingdom,Altitude sickness,k2
8/16/1986,Víctor Hugo Trujillo,Chile,Avalanche,everest
8/18/1986,Andreas Bührer,Switzerland,Fall,gasherbrum1
8/22/1986,Liam Scott Elliott,United Kingdom,Fell,broad_peak
9/21/1986,Franz Mülleder,Austria,Edema,dhaulagiri1
9/23/1986,Benoit Grison,France,Fall,annapurna1
9/25/1986,Marcel Rüedi,Switzerland,Exhaustion,makalu
9/28/1986,Simon Burkhardt,Switzerland,Avalanche,everest
10/4/1986,Gyalu,Nepal,Crushed under serac,everest
10/17/1986,Dawa Norbu,Nepal,Avalanche,everest
10/23/1986,Pierre-Alain Steiner,Switzerland,Fall,cho_oyu
10/30/1986,Pedro Alonso,Spain,Fall (on Lhotse Shar),lhotse
1/30/1987,Tsuttin Dorje,Nepal,Fall,everest
5/21/1987,Roger Marshall,Canada,Disappearance (likely accidental death during descent),everest
5/24/1987,Andres Ferrer,Spain,Fall,annapurna1
6/29/1987,Jean-Pierre Hefti,Switzerland,Fall,gasherbrum2
7/29/1987,Fayyaz Hussain,Pakistan,Avalanche,gasherbrum1
7/29/1987,Khalid Khan,Pakistan,Avalanche,gasherbrum1
7/29/1987,Mohsin Ali,Pakistan,Avalanche,gasherbrum1
7/29/1987,Fakhar-ul-Islam,Pakistan,Avalanche,gasherbrum1
8/24/1987,Akira Suzuki,Japan,Fall,k2
9/2/1987,Masao Yokoyama,Japan,Drowned,everest
9/14/1987,Czesław Jakiel,Poland,Avalanche,lhotse
9/27/1987,Francesc Porras,Spain,Avalanche (on Lhotse Shar),lhotse
9/27/1987,Antoni (Toni) Sors,Spain,Avalanche (on Lhotse Shar),lhotse
9/27/1987,Sergio Escalera,Spain,Avalanche (on Lhotse Shar),lhotse
9/27/1987,Antonio Quiñones,Spain,Avalanche (on Lhotse Shar),lhotse
10/20/1987,Mangal Singh,Nepal,Avalanche,everest
10/28/1987,Ichigi Kudo,Japan,Fall,manaslu
12/20/1987,Yasuhira Saito,Japan,Fall,annapurna1
12/20/1987,Toshiyuki Kobayashi,Japan,Fall,annapurna1
4/21/1988,Hidetaka Mizukoshi,Japan,Heart attack (at Base camp),everest
5/12/1988,Stefan Wörner,Switzerland,Altitude sickness,cho_oyu
6/25/1988,Henri Albet,France,Fall on snowboard,gasherbrum2
6/25/1988,Jorge Luis Brito,Mexico,Pulmonary edema,gasherbrum1
7/6/1988,Michel Basson,France,Pulmonary Edema,gasherbrum2
7/9/1988,Gary Silver,United States,Illness,gasherbrum2
8/20/1988,Yong-il Jang,South Korea,Avalanche,broad_peak
9/20/1988,Michel Parmentier,France,Exposure,everest
9/21/1988,Narayan Shrestha,Nepal,Avalanche,everest
9/29/1988,Ang Dawa,Japan,Avalanche,annapurna1
9/29/1988,Akihiro Mori,Japan,Avalanche,annapurna1
9/29/1988,Daniel Bovero,France,Altitude sickness,cho_oyu
10/1/1988,Jiri Pelikan,Czechoslovakia,Fall on descent,annapurna1
10/13/1988,Lhakpa Sonam,Nepal,Fall,everest
10/13/1988,Pasang Temba,Nepal,Fall,everest
10/14/1988,Ryszard Kołakowski,Poland,Disappearance,makalu
10/17/1988,Jaroslav Jaško,Czechoslovakia,Disappearance (likely accidental death during descent after reaching South Summit with Jozef Just rejoining group after he summited Everest solo)[75][76],everest
10/17/1988,Jozef Just,Czechoslovakia,Disappearance (likely accidental death during descent after reaching South Summit with Jozef Just rejoining group after he summited Everest solo)[75][76],everest
10/17/1988,Peter Božík,Czechoslovakia,Disappearance (likely accidental death during descent after reaching South Summit with Jozef Just rejoining group after he summited Everest solo)[75][76],everest
10/17/1988,Dušan Becík,Czechoslovakia,Disappearance (likely accidental death during descent after reaching South Summit with Jozef Just rejoining group after he summited Everest solo)[75][76],everest
10/18/1988,Ramiro Navarrete,Ecuador,Fall,annapurna1
12/23/1988,Ang Lhakpa,Nepal,Cerebral thrombosis,everest
5/7/1989,Santiago Suarez,Spain,Fall,manaslu
5/10/1989,Dimitar Ilievski-Murato,Yugoslavia,Fall,everest
5/16/1989,Phu Dorje,Nepal,Fall,everest
5/27/1989,Mirosław Dąsal,Poland,Avalanche,everest
5/27/1989,Wacław Otręba,Poland,Avalanche,everest
5/27/1989,Andrzej Heinrich,Poland,Avalanche,everest
5/27/1989,Mirosław Gardzielewski,Poland,Avalanche,everest
5/28/1989,Eugeniusz Chrobak,Poland,Avalanche injuries,everest
6/23/1989,Kwang-ho Kim,South Korea,Fall,nanga_parbat
7/12/1989,Dorje Tsindi,Nepal,Fall,gasherbrum1
7/13/1989,Antton Ibarguren,Spain,Fall,gasherbrum2
7/18/1989,Tetsuya Baba,Japan,Lightning strike,nanga_parbat
7/28/1989,Hans Bärnthaler,Austria,Windslab Avalanche (E face) nearby peak,k2
9/25/1989,Sarki Kami,Nepal,Avalanche,dhaulagiri1
9/25/1989,Ajiwa,Nepal,Avalanche,dhaulagiri1
10/4/1989,Luca Leonardi,Switzerland,Avalanche,shishapangma
10/10/1989,Francesc (Quico) Dalmases,Spain,Disappeared,dhaulagiri1
10/24/1989,Jerzy Kukuczka,Poland,Fall,lhotse
10/28/1989,Ognian Stoykov,Bulgaria,Unknown,annapurna1
10/28/1989,Milan Metkov,Bulgaria,Unknown,annapurna1
12/12/1989,Ang Pinjo,Nepal,"Altitude sickness, heart attack",everest
12/25/1989,Wangchuk Nuru,Nepal,Avalanche,dhaulagiri1
12/25/1989,Scot McGrath,United States,Avalanche,dhaulagiri1
12/25/1989,Ang Lhakpa Nuru,Nepal,Fall,cho_oyu
12/25/1989,Gregory Barber,United States,Avalanche,dhaulagiri1
3/27/1990,Nancy Jackson,United States,Avalanche,manaslu
3/27/1990,Charles Schertz,United States,Avalanche,manaslu
3/27/1990,Nima Wangchuk Sherpa,Nepal,Avalanche,manaslu
4/29/1990,Wangel,Nepal,Avalanche,dhaulagiri1
6/6/1990,Chandra Gurung,Nepal,Illness,cho_oyu
7/3/1990,Chang-gi Park,South Korea,Fall into a crevasse,nanga_parbat
7/24/1990,Kurt Lyncke-Krüger,West Germany,Fall,broad_peak
8/18/1990,Osami Nakajima,Japan,Fall,nanga_parbat
8/19/1990,Albert Ibanez,Spain,Disappeared,gasherbrum1
8/19/1990,Josep Granyo,Spain,Disappeared,gasherbrum1
9/7/1990,Zinur Halitov,Soviet Union,Fall,manaslu
9/7/1990,Murat Galiev,Soviet Union,Fall,manaslu
9/7/1990,Grigory Lunjakov,Soviet Union,Fall,manaslu
9/14/1990,Ang Sona,Nepal,Avalanche,everest
9/14/1990,Badri Nath,Nepal,Avalanche,everest
9/14/1990,Rafael Gómez-Menor,Spain,Avalanche,everest
10/7/1990,Ham Sang-hun,South Korea,Disappearance (likely accidental death during climb),everest
10/15/1990,Joan Martinez,Spain,Exposure,shishapangma
10/31/1990,Dainius Makauskas,Lithuania,Disappeared,dhaulagiri1
5/3/1991,Rüdiger Lang,Germany,Exposure,everest
5/10/1991,Karl Großrubatscher,Italy,Fall,manaslu
5/10/1991,Gottfried Mutschlechner,Italy,Lightning,manaslu
5/11/1991,Horst Wasmann,Germany,Fall,cho_oyu
5/22/1991,Günther Semmler,Germany,Disappearance (probably avalanche),shishapangma
5/22/1991,Werner Braun,Germany,Disappearance (probably avalanche),shishapangma
5/22/1991,Werner Meichsner,Germany,Disappearance (probably avalanche),shishapangma
5/22/1991,Karl-Heinz Thiele,Germany,Disappearance (probably avalanche),shishapangma
5/27/1991,Junichi Futagami,Japan,Fall,everest
9/19/1991,Jangbu Nurbu,Nepal,Avalanche,annapurna1
9/19/1991,Sange Dawa,Nepal,Avalanche,annapurna1
9/19/1991,Song-gu Lee,South Korea,Avalanche,annapurna1
9/19/1991,Tendi Lhakpa,Nepal,Avalanche,annapurna1
9/19/1991,Tenzing,Nepal,Avalanche,annapurna1
9/19/1991,Seog-jee Lee,South Korea,Avalanche,annapurna1
9/20/1991,Tetsuichi Miyashita,Japan,Avalanche,shishapangma
9/20/1991,Hidekazu Gomi,Japan,Avalanche,shishapangma
10/2/1991,Manuel (Manu) Badiola,Spain,Fall,makalu
10/8/1991,Takumi Ishizaka,Japan,"Exhaustion, Exposure",makalu
10/20/1991,Gabriel Denamur,Belgium,Unknown,annapurna1
10/21/1991,Yuri Grebeniuk,Soviet Union,Falling rock/ice,cho_oyu
5/2/1992,Raymond Jacob,India,Exposure,everest
5/2/1992,Deepak Kulkarni,India,Exposure,everest
5/2/1992,Hubert Weinzierl,Germany,Heart Failure,dhaulagiri1
5/11/1992,Sanda Dumitrescu-Isaila,Romania,Disappeared,dhaulagiri1
5/11/1992,Subba Singh,Nepal,Heart attack,everest
5/11/1992,Taina Coliban,Romania,Disappeared,dhaulagiri1
5/20/1992,Philippe Monnerat,Switzerland,Fall,cho_oyu
5/23/1992,Sher Singh,India,Fall,everest
5/23/1992,Manabu Hoshi,Japan,Disappearance (likely accidental death during climb),everest
8/14/1992,Adrián Benítez,Mexico,Fall,k2
10/2/1992,Sylwia Dmowska,Poland,Fall,manaslu
10/3/1992,Sven Vermeiren,Belgium,Fall,manaslu
10/11/1992,Pierre Béghin,France,Fall,annapurna1
1/15/1993,Ang Tshering,Nepal,Fall,everest
4/23/1993,Sonam Tshering,Nepal,Disappearance (likely accidental death during climb),everest
4/23/1993,Pasang Lhamu Sherpa,Nepal,Disappearance (likely accidental death during climb),everest
5/10/1993,Lobsang Tshering Bhutia,Nepal,Fall,everest
5/16/1993,Nam Won-woo,South Korea,Fall,everest
5/17/1993,A Jin-seob,South Korea,Fall,everest
5/30/1993,Paolo Bernascone,Italy,Slab avalanche (below Camp I),gasherbrum1
7/7/1993,Chun-moon Ahn,South Korea,Unknown,nanga_parbat
7/7/1993,Dan Culver,Canada,Fall,k2
7/15/1993,Boštjan Kekec,Slovenia,Altitude sickness,k2
7/30/1993,Reinmar Joswig,Germany,Fall,k2
7/30/1993,Peter Mezger,Germany,Fall,k2
7/31/1993,Daniel Bidner,Sweden,"Altitude sickness, Fall",k2
9/29/1993,Bueoung-tae Park,South Korea,Fall,shishapangma
10/5/1993,Karl Henize,United States,HAPE,everest
10/6/1993,Gary Ball,New Zealand,Altitude Sickness,dhaulagiri1
10/7/1993,Antonio Miranda,Spain,Fall,everest
10/21/1993,Igor Khmiliar,Russia,Fall,manaslu
10/22/1993,Sergei Jadrychnikov,Russia,Avalanche,manaslu
1/24/1994,Juan Carlos Piedra,Switzerland,Fall,cho_oyu
1/24/1994,Jean-Luc Beausire,Switzerland,Fall,cho_oyu
4/6/1994,Prem Thapa,Nepal,Cerebral oedema,everest
5/9/1994,Shih Fang-Fang 'Norman',Taiwan,Exhaustion and/or exposure,everest
5/18/1994,Giuseppe Vigani,Italy,Fall,everest
5/27/1994,Mike Rheinberger,Australia,"150m fall. He showed signs of exhaustion, dehydration, cerebral oedema, retinal hemorrhages and possible blood clots in his upper legs.",everest
6/11/1994,Bohuslav Bilek,Czech Republic,Pulmonary edema,broad_peak
6/22/1994,Alexej Himer,Czech Republic,Fall,broad_peak
6/24/1994,Antonio Lopez,Spain,Fall,nanga_parbat
7/10/1994,Dmitri Ibragim-Zade,Ukraine,Killed in a storm,k2
7/10/1994,Aleksandr Parkhomenko,Ukraine,Killed in a storm,k2
7/10/1994,Aleksei Kharaldin,Ukraine,Killed in a storm,k2
7/24/1994,Steve Untch,USA,"Fall, broken rope",k2
8/11/1994,Juan Antonio Atxo Apellániz,Spain,HACE,k2
9/12/1994,Mingma Norbu,Nepal,Avalanche,everest
9/18/1994,Tod Gassen,United States,Fall in crevasse,shishapangma
9/26/1994,Robert Bähler,Switzerland,Fall,dhaulagiri1
10/1/1994,Zdenek Slachta,Czech Republic,Avalanche,shishapangma
10/8/1994,Lhakpa Gyalu,Nepal,Illness,cho_oyu
10/18/1994,Galina Chekanova,Ukraine,Fall,dhaulagiri1
5/6/1995,Kami Rita,Nepal,Fall,everest
5/6/1995,Jörg Starke,Germany,Fall,manaslu
5/7/1995,Michael Zunk,Germany,Fall,manaslu
5/8/1995,David Hume,Australia,Fall,makalu
5/15/1995,Albrecht Hammann,Germany,Exposure,dhaulagiri1
7/6/1995,Jordi Anglès,Spain,Fall,k2
7/12/1995,Hyun-jae Park,South Korea,Fall,broad_peak
8/13/1995,Bruce Grant,New Zealand,Killed in a storm,k2
8/13/1995,Rob Slater,USA,Killed in a storm,k2
8/13/1995,Alison Hargreaves,United Kingdom,Killed in a storm,k2
8/13/1995,Javier Escartin,Spain,Killed in a storm,k2
8/13/1995,Javier Olivar,Spain,Killed in a storm,k2
8/13/1995,Lorenzo Ortiz,Spain,Killed in a storm,k2
8/15/1995,Jeff Lakes,Canada,Exhaustion,k2
9/10/1995,Lhakpa Nuru,Nepal,Unknown,everest
10/6/1995,Isayoshi Tawaraya,Japan,Disappeared,dhaulagiri1
10/14/1995,Zangbu,Nepal,Fall,everest
4/20/1996,Friedrich Zintl,Germany,Illness,cho_oyu
5/1/1996,Stefan Sluka,Slovakia,Disappeared on descent,shishapangma
5/9/1996,Chen Yu-Nan,Taiwan,Injuries from a fall,everest
5/11/1996,Tsewang Samanla,India,Exposure,everest
5/11/1996,Scott Fischer,United States,"Suspected HACE (high-altitude cerebral edema), exhaustion, frostbite and exposure.",everest
5/11/1996,Rob Hall,New Zealand,Exposure,everest
5/11/1996,Doug Hansen,United States,Exposure,everest
5/11/1996,Andrew Harris,New Zealand,Disappearance (likely accidental death during climb),everest
5/11/1996,Yasuko Namba,Japan,Exposure,everest
5/11/1996,Dorje Morup,India,Exposure,everest
5/11/1996,Tsewang Paljor,India,Exposure,everest
5/14/1996,Anatoli Chlekht,Russia,Fall,makalu
5/19/1996,Ming-Tse Kuo,Taiwan,Fall,shishapangma
5/19/1996,Reinhard Wlasich,Austria,Altitude sickness,everest
5/25/1996,Bruce Herrod,United Kingdom,Rope accident,everest
6/6/1996,Ngawang Topche,Nepal,Lapsed into coma on 23 Apr 1996; later died in hospital,everest
6/20/1996,Gabriel Stana,Romania,Avalanche,nanga_parbat
6/20/1996,Răzvan Petcu,Romania,Avalanche,nanga_parbat
7/17/1996,Manuel Alvarez,Spain,Fall (between Camp III and Camp II),gasherbrum1
7/20/1996,Jae-mo Yang,South Korea,Died on descent due to bad weather,broad_peak
7/20/1996,Sun-taek Lim,South Korea,Died on descent due to bad weather,broad_peak
7/20/1996,Dong-keun Han,South Korea,Died on descent due to bad weather,broad_peak
7/29/1996,Lorenzo Mazzoleni,Italy,Fall,k2
8/14/1996,Igor Benkin,Russia,Exhaustion,k2
9/25/1996,Lopsang Jangbu,Nepal,Avalanche,everest
9/25/1996,Yves Bouchon,France,Avalanche,everest
9/25/1996,Dawa,Nepal,Avalanche,everest
10/1/1996,Masatsugu Konishi,Japan,Unknown (disappeared),manaslu
10/5/1996,Viktor Pastukh,Ukraine,Avalanche,shishapangma
10/5/1996,Gennadi Vasilenko,Ukraine,Avalanche,shishapangma
10/6/1996,Hiroshi Oya,Japan,Altitude sickness,cho_oyu
10/10/1996,Lubos Becak,Czech Republic,Altitude sickness,cho_oyu
3/23/1997,Ngati,Nepal,Fall,annapurna1
4/23/1997,Malcolm Duff,United Kingdom,Heart attack (at Base camp),everest
5/6/1997,Nima Rinzi,United Kingdom,Fall,everest
5/7/1997,Aleksandr Torochin,Russia,Fall,everest
5/7/1997,Mingma,Nepal,Fall,everest
5/7/1997,Nikolai Shevtchenko,Russia,Exhaustion and/or exposure,everest
5/7/1997,Ivan Plotnikov,Russia,Exhaustion and/or exposure,everest
5/8/1997,Peter Kowalzik,Germany,Disappearance (likely accidental death during climb),everest
5/21/1997,Salavat Khabibullin,Russia,Exhaustion,makalu
5/24/1997,Igor Bugachevski,Russia,Rockfall,makalu
5/27/1997,Vladimir Bashkirov,Russia,Illness,lhotse
7/16/1997,Jeffrey Ian Bubb,United States,Avalanche,broad_peak
7/16/1997,Fukuzo Yokotagawa,Japan,Avalanche,broad_peak
7/30/1997,Joan Colet,Spain,Fell during descent,nanga_parbat
9/8/1997,Tenzing Nuru,Nepal,Disappearance (likely accidental death during climb),everest
9/8/1997,Choi Byong-soo,South Korea,Avalanche,everest
10/8/1997,Juraj Kardhordo,Slovakia,Unknown (disappeared),manaslu
10/9/1997,Miroslav Rybansky,Slovakia,Collapsed,manaslu
10/13/1997,Per Lyhne,Denmark,Illness,makalu
12/25/1997,Dmitri Sobolev,Kazakhstan,Avalanche,annapurna1
12/25/1997,Anatoli Boukreev,Kazakhstan,Avalanche,annapurna1
4/26/1998,Ang Tshering,Nepal,Avalanche,annapurna1
4/30/1998,Viktor Stepanov,Russia,Illness,cho_oyu
5/1/1998,Nikos Papandreou,Greece,Fall,dhaulagiri1
5/11/1998,Ang Tshering,Nepal,Avalanche,dhaulagiri1
5/11/1998,Chantal Mauduit,France,Avalanche,dhaulagiri1
5/13/1998,Gerald Roesner,Germany,Fall,cho_oyu
5/21/1998,Andreino Pasini,Italy,Illness,shishapangma
5/24/1998,Sergei Arsentiev,United States,100m fall,everest
5/24/1998,Francys Arsentiev,United States,Exposure and/or cerebral oedema,everest
5/25/1998,Mark Jennings,United Kingdom,Exhaustion,everest
5/26/1998,Roger Buick,New Zealand,Exhaustion,everest
7/24/1998,Shahid Abdul Khader,India,Died due to fall,everest
7/26/1998,Hideki Ohmiya,Japan,Fall,nanga_parbat
7/29/1998,Pascale Bessieres,France,Disappeared,broad_peak
7/29/1998,Eric Escoffier,France,Disappeared,broad_peak
8/1/1998,Yoshiumi Hayoshida,Japan,Avalanche,gasherbrum1
8/1/1998,Takashi Watanabe,Japan,Avalanche,gasherbrum1
8/1/1998,Kasutoshi Naito,Japan,Avalanche,gasherbrum1
8/1/1998,Kasunori Kutama,Japan,Avalanche,gasherbrum1
9/26/1998,Alexander Jaggi,Switzerland,Illness,cho_oyu
10/2/1998,Charalampos (Babis) Tsoupras,Greece,Fall,dhaulagiri1
10/26/1998,Lenin Granados,Colombia,Avalanche,manaslu
10/30/1998,Hristo Stantchev,Bulgaria,Fall,manaslu
1/1/1999,Joan Carrillo Junca,Spain,Fall,cho_oyu
4/29/1999,Hyun-ok Ji,South Korea,Unknown,annapurna1
4/29/1999,Dorje Kami,Nepal,Unknown,annapurna1
4/30/1999,Michael Knakkergaard-Jørgensen,Denmark,Fall,makalu
5/8/1999,Vasyl Kopytko,Ukraine,Unknown cause,everest
5/13/1999,Michael Matthews,United Kingdom,Unknown,everest
5/18/1999,Tadeusz Kudelski,Poland,Fall,everest
5/18/1999,Pascal Debrouwer,Belgium,Fall,everest
7/10/1999,Mihai Cioroianu,Romania,Hit by rockfall,k2
7/11/1999,Seung-Kwon Hur,South Korea,Disappeared,broad_peak
10/5/1999,David Bridges,United States,Avalanche,shishapangma
10/5/1999,Alex Lowe,United States,Avalanche,shishapangma
10/11/1999,Sange Sherpa,Nepal,Avalanche,makalu
10/24/1999,Ginette Harrison,United Kingdom,Avalanche,dhaulagiri1
10/24/1999,Dawa Dorje,Nepal,Avalanche,dhaulagiri1
5/4/2000,Noora Toivonen,Finland,Fall,cho_oyu
5/4/2000,Pavel Bonadysenko,Russia,Fall,cho_oyu
5/16/2000,Bernd Mehnert,Germany,Probably pulmonary embolism,makalu
5/20/2000,Jeppe Stoltz,Denmark,Fall,everest
5/21/2000,Yan Genghua,China,"Disappeared after reaching the north summit; body found on May 27, 2000; likely accidental death during descent",everest
7/28/2000,Felix Iñurrategui,Spain,Fall,gasherbrum2
9/17/2000,Vladimir Bondarev,Russia,Avalanche,lhotse
9/20/2000,Pemba Gyalzen,Nepal,Avalanche,cho_oyu
9/20/2000,Pasang Nuru,Nepal,Avalanche,cho_oyu
9/20/2000,Pasang Nima,Nepal,Avalanche,cho_oyu
9/29/2000,Soo-ho Lee,South Korea,Avalanche,dhaulagiri1
10/7/2000,Gyalzen Chuldim,Nepal,Avalanche,dhaulagiri1
10/11/2000,Pavle Milošević,Serbia and Montenegro,Illness,cho_oyu
4/29/2001,Babu Chiri Sherpa,Nepal,Fall,everest
5/14/2001,Eric Resch,Australia,Disappearance,makalu
5/23/2001,Peter Ganner,Austria,Fall,everest
5/24/2001,Mark Auricht,Australia,Cerebral oedema,everest
5/24/2001,Aleksei Nikiforov,Russia,"Pre-existing illness exacerbated by freezing conditions, altitude",everest
7/9/2001,Claudio Gálvez Santibañez,Chile,"Fall, after successfully summiting",gasherbrum1
7/20/2001,Jean-François Bassine,Belgium,Fall,gasherbrum2
7/22/2001,Park Young-do,South Korea,Fall,k2
9/9/2001,Su-ya Kim,South Korea,Altitude sickness,cho_oyu
10/11/2001,Jose Antonio Garces,Spain,Fall,dhaulagiri1
10/13/2001,Isao Kuribara,Nepal,"Altitude sickness, Exhaustion",manaslu
10/14/2001,Yukihiko Shinagawa,Japan,Disappeared,dhaulagiri1
10/14/2001,Masashi Fukumoto,Japan,Disappeared,dhaulagiri1
10/14/2001,Ryushi Hoshino,Japan,Disappeared,dhaulagiri1
10/17/2001,Sándor Gárdos,Hungary,Fall,everest
4/25/2002,Raymond Caughron,United States,Probably exhaustion,makalu
4/30/2002,Chhong Ringee,Nepal,Unknown,cho_oyu
4/30/2002,Peter Legate,United Kingdom,Fall into a crevasse,everest
5/14/2002,Adam Cinnamond,United Kingdom,Crevasse,cho_oyu
5/19/2002,Zoran Miletić,FR Yugoslavia,Exact cause and date of death unknown,everest
7/13/2002,Sher Ajman,Pakistan,Avalanche,k2
7/22/2002,Muhammad Iqbal,Pakistan,Fall,k2
9/8/2002,Marco Siffredi,France,Snowboarding accident,everest
5/8/2003,Arnaud Saulnier,France,Sickness in tent,everest
5/14/2003,Paul Carr,Australia,Illness,cho_oyu
5/16/2003,Guenter Welkisch,Germany,Altitude sickness,cho_oyu
5/24/2003,Karma Gyalzen Sherpa,Nepal,Altitude sickness,everest
5/25/2003,Jan Krzysztof Liszewski,Poland,Fall,everest
5/27/2003,Bhim Bahadur Gurung,Nepal,Fall into a crevasse,everest
7/5/2003,Nancy Silvestrini [es],Argentina,Disappeared,gasherbrum1
7/5/2003,Jose Manuel Buenaga,Spain,Disappeared,gasherbrum1
7/15/2003,Vladimir Pestrikov,Ukraine,Stone fall,gasherbrum1
7/21/2003,Klaus-Dieter Grohs,Germany,Fall,k2
9/7/2003,Mohammad Oraz,Iran,"Avalanche caused injuries, died in hospital",gasherbrum1
10/5/2003,Joo-hoon Park,South Korea,Avalanche (on Lhotse Shar),lhotse
10/5/2003,Sun-dug Hwang,South Korea,Avalanche (on Lhotse Shar),lhotse
10/6/2003,Christos Barouchas,Greece,Exhaustion,cho_oyu
5/17/2004,Vladislav Terzyul,Ukraine,Fall,makalu
5/18/2004,Min Jang,South Korea,Exposure,everest
5/18/2004,Joon-ho Baek,South Korea,Exposure,everest
5/18/2004,Nils Antezana,United States Bolivia,Exposure,everest
5/18/2004,Mu-taek Park,South Korea,Exposure,everest
5/18/2004,Jay Sieger,United States,Fall,makalu
5/20/2004,Hristo Ganchev Hristov,Bulgaria,Exposure,everest
5/20/2004,Shoko Ota,Japan,Exposure,everest
5/23/2004,Mariana Prodanova Maslarova,Bulgaria,Exposure,everest
6/8/2004,Lee Hwa-hyeung,South Korea,Avalanche,k2
6/8/2004,Kim Jae-koung,South Korea,Avalanche,k2
6/8/2004,Pae Kyong-kyu,South Korea,Avalanche,k2
7/1/2004,Günter Jung,Germany,Fall,nanga_parbat
7/25/2004,Jose Antonio Anton,Spain,Fall,gasherbrum1
7/28/2004,Aleksandr Gubaev,Kyrgyzstan,Fall,k2
8/2/2004,Dauoud Khadem Asl,Iran,Lost in storm,k2
8/2/2004,Sergei Sokolov,Russia,Lost in storm,k2
8/19/2004,Manel de la Mata,Spain,Pulmonary edema,k2
10/10/2004,Michio Sato,Japan,Avalanche,annapurna1
10/10/2004,Hideji Nazuka,Japan,Avalanche,annapurna1
10/13/2004,Xabier Ormazabal,Spain,Hypothermia,cho_oyu
4/28/2005,Sean Egan,Canada,Heart attack,everest
5/2/2005,Michael Corey O'Brien[118],United States,Fall into a crevasse,everest
5/11/2005,Lubos Stacho,Slovakia,Illness,cho_oyu
5/15/2005,Sumba Sherpa,Nepal,Altitude sickness,makalu
5/18/2005,Christian Kuntner,Italy,Avalanche,annapurna1
5/21/2005,Marko Lihteneker,Slovenia,Oxygen problems,everest
5/30/2005,Sirigereshiva Shankarappa Chaitanya,India,Exposure,everest
6/4/2005,Dieter Kramer,Germany,Exposure,everest
6/5/2005,Robert William Milne,United Kingdom,Organ failure due to freezing conditions,everest
8/5/2005,Dawa Nurbu II,Nepal,Fall,gasherbrum1
9/28/2005,Martin Oczko,Czech Republic,Altitude sickness,shishapangma
10/3/2005,Stanislav Krylov,Russia,Disappearance,shishapangma
1/27/2006,Jean-Christophe Lafaille,France,Disappearance,makalu
4/7/2006,Tuk Bahadur Thapa Magar Sherpa,Nepal,Altitude,everest
4/21/2006,Lhakpa Tseri,Nepal,Avalanche,everest
4/21/2006,Ang Phinjo Sherpa,Nepal,Avalanche,everest
4/21/2006,Dawa Temba,Nepal,Avalanche,everest
5/6/2006,Jacques-Hugues Letrange,France,Exhaustion,everest
5/9/2006,Raymund Spang,Germany,Fall,cho_oyu
5/9/2006,Pavel Kalný,Czech Republic,Fall,lhotse
5/14/2006,Srikrishna,India,Fall,everest
5/15/2006,David Sharp,United Kingdom,Exposure and/or exhaustion,everest
5/16/2006,Tomas Olsson,Sweden,Fall,everest
5/19/2006,Vitor Negrete,Brazil,Exposure and/or exhaustion,everest
5/22/2006,Igor Plyushkin,Russia,Altitude sickness,everest
5/25/2006,Thomas Weber,Germany,Altitude sickness,everest
5/28/2006,Susan Erica Fear,Australia,Fall in crevasse,manaslu
7/8/2006,Markus Kronthaler,Austria,Exhaustion,broad_peak
7/22/2006,José Antonio Delgado,Venezuela,Exposure,nanga_parbat
7/28/2006,Naohiro Ozawa,Japan,Unknown,nanga_parbat
8/13/2006,Yuri Uteshev,Russia,Avalanche,k2
8/13/2006,Piotr Kuznetsov,Russia,Avalanche,k2
8/13/2006,Arkadi Kuvakin,Russia,Avalanche,k2
8/13/2006,Aleksandr Foigt,Russia,Avalanche,k2
10/22/2006,Lhakpa Rita II,Nepal,Avalanche,annapurna1
10/31/2006,Bruno Carvalho,Portugal,Fall,shishapangma
4/22/2007,Udhav Prasad Khanal,Nepal,Unknown,annapurna1
4/24/2007,Marek Hudák,Slovakia,Disappearance,shishapangma
4/26/2007,Dawa Sherpa,Nepal,Unknown,everest
4/30/2007,Sergio Dalla Longa,Italy,Fall,dhaulagiri1
5/12/2007,Santiago Sagaste,Spain,Avalanche,dhaulagiri1
5/12/2007,Ricardo Valencia,Spain,Avalanche,dhaulagiri1
5/16/2007,Yoshitomi Okura,Japan,Unknown,everest
5/17/2007,Libor Kozak,Czech,Unknown,everest
5/17/2007,Lee Hyun-jo,South Korea,Unknown,everest
5/17/2007,Shinichi Ishii,Japan,Unknown,everest
5/17/2007,Maurizio Pierangelo,Italy,Unknown,everest
5/17/2007,Oh Hee-joon,South Korea,Unknown,everest
5/21/2007,Pemba Doma,Nepal,Fall,lhotse
7/3/2007,Ulrike Gschwandtner [de],Austria,Possibly Heart Failure,gasherbrum2
7/18/2007,Ernst-Robert Zauner,Germany,Avalanche,gasherbrum2
7/18/2007,Arne Heckele,Germany,Avalanche,gasherbrum2
7/20/2007,Nima Nurbu,Nepal,Fall from bottle neck,k2
7/20/2007,Stefano Zavka,Italy,Lost,k2
7/29/2007,Jiri Danek,Czech Republic,Fall,gasherbrum1
4/24/2008,Drabey Bahadur Rajan Mongar,Nepal,Fall,makalu
5/5/2008,Rafael Guillén,Spain,Fall,dhaulagiri1
5/5/2008,Darío Bracali,Argentina,Disappeared,dhaulagiri1
5/13/2008,Hasta Bahadur Gurung,Nepal,Illness,manaslu
5/20/2008,Nil Prasad Gurung,Nepal,Altitude sickness (?),makalu
5/21/2008,Uwe Gianni Goltz,Switzerland,Exhaustion,everest
5/23/2008,Iñaki Ochoa de Olza,Spain,HACE,annapurna1
6/18/2008,Jean-Noel Urban,France,Fall into crevasse,gasherbrum1
6/30/2008,Vlado Plulik,Slovakia,Disappeared,broad_peak
7/15/2008,Karl Unterkircher,Italy,Fell into crevasse,nanga_parbat
7/17/2008,Saman Nemati,Iran,Unknown,nanga_parbat
8/2/2008,Hwang Dong-jin,South Korea,Fourth serac fall,k2
8/2/2008,Dren Mandić,Serbia,Fall,k2
8/2/2008,Jahan Baig,Pakistan,Fall,k2
8/2/2008,Jumic Bhote,Nepal,Fourth serac fall,k2
8/2/2008,Pasang Bhote,Nepal,Fourth serac fall,k2
8/2/2008,Gerard McDonnell,Ireland,Second or third serac fall,k2
8/2/2008,Hugues d'Aubarede,France,Fall during descent,k2
8/2/2008,Meherban Karim,Pakistan,"Unknown, Second or third serac fall",k2
8/2/2008,Kim Hyo-gyung,South Korea,Fourth serac fall,k2
8/2/2008,Park Kyeong-hyo,South Korea,Fourth serac fall,k2
8/2/2008,Rolf Bae,Norway,First serac fall,k2
10/4/2008,Guy Leveille,Canada,Fall,cho_oyu
10/5/2008,Miha Valič,Slovenia,Altitude sickness,cho_oyu
10/5/2008,Daniel Goulevitch,France,Altitude sickness,manaslu
4/1/2009,Martin Minařík,Czech Republic,Fell into Crevasse,annapurna1
4/8/2009,Piotr Morawski,Poland,Fall into crevasse,dhaulagiri1
4/28/2009,Giuseppe Antonelli,Italy,Illness,manaslu
5/1/2009,Mehdi Etemad Far,Iran,Fall,dhaulagiri1
5/7/2009,Lhakpa Nuru,Nepal,Avalanche,everest
5/18/2009,Věslav Chrzaszcz,Czech,Heart attack,everest
5/19/2009,Wenhong Wu,China,Altitude sickness,everest
5/19/2009,Levente Szabó,Hungary,Fall,manaslu
5/21/2009,Frank Ziebarth,Canada,Hypothermia and lack of oxygen,everest
5/24/2009,Sangat Ram Thakur,India,Illness,makalu
5/25/2009,Sergey Samoilov,Kazakhstan,Fall,lhotse
6/2/2009,Dennis Verhoeve,Netherlands,Fall,cho_oyu
6/23/2009,Michele Fait,Italy,Fall with skis,k2
7/10/2009,Wolfgang Kölblinger,Austria,Fall,nanga_parbat
7/11/2009,Mi-young Go,South Korea,Fall,nanga_parbat
7/18/2009,Cristina Castagna,Italy,Fall,broad_peak
7/21/2009,Luis María Barbero,Spain,Disappeared,gasherbrum2
9/25/2009,Clifton Maloney,United States,Illness,cho_oyu
10/3/2009,Franc Oderlap,Slovenia,"Hit by falling seracs, died in hospital",manaslu
10/15/2009,Roby Piantoni,Italy,Fall,shishapangma
4/24/2010,Chi-won Yun,South Korea,Unknown (disappeared),manaslu
4/24/2010,Haeng-su Park,South Korea,Exhaustion,manaslu
4/26/2010,László Várkonyi,Hungary,Avalanche crevasse fall,everest
4/29/2010,Tolo Calafat,Spain,Unknown,annapurna1
5/3/2010,Serguey Nikitin,Russia,Altitude sickness,cho_oyu
5/7/2010,Sergey Duganov,Russia,Altitude sickness,lhotse
5/13/2010,Han Xin,China,Fall,dhaulagiri1
5/13/2010,Zhao Liang,China,Fall,dhaulagiri1
5/13/2010,Li Bin,China,Cold/ Exhaustion,dhaulagiri1
5/19/2010,Tom Jørgensen,Denmark,HACE,everest
5/26/2010,Peter Kinloch,United Kingdom,Exhaustion,everest
5/30/2010,Zaharias (Haris) Kiriakakis,Greece,Disappearance,makalu
7/17/2010,Petar Georgiev Unzhiev,Bulgaria,Altitude sickness,k2
8/6/2010,Fredrik Ericsson,Sweden,Fall from bottle neck,k2
9/24/2010,Nobuaki Kuwabara,Japan,Illness,manaslu
9/28/2010,Osamu Tanabe,Japan,Avalanche,dhaulagiri1
9/28/2010,Toshio Yamamoto,Japan,Avalanche,dhaulagiri1
9/28/2010,Daisuke Honda,Japan,Avalanche,dhaulagiri1
9/28/2010,Pasang Gyelu,Nepal,Avalanche,dhaulagiri1
10/3/2010,Walter Nones,Italy,Fall,cho_oyu
4/29/2011,Eisa Mir-Shekari,Iran,Altitude sickness,manaslu
5/1/2011,Rick Hitch,United States,Heart attack,everest
5/9/2011,Shailendra Kumar Upadhyaya,Nepal,Altitude sickness,everest
5/12/2011,Takashi Ozaki,Japan,Altitude sickness,everest
5/12/2011,Tashi Chhiring,Nepal,Unknown (disappeared),manaslu
5/12/2011,Bernard Jean Francois Milian,France,Unknown (disappeared),manaslu
5/12/2011,Alain Peirre Marie Laurens,France,Unknown (disappeared),manaslu
5/21/2011,John Delaney,Ireland,Altitude sickness,everest
5/22/2011,Joëlle Brupbacher,Switzerland,Altitude sickness,makalu
5/22/2011,Ronald Naar,Netherlands,Arrhythmia,cho_oyu
7/22/2011,Leila Esfandyari,Iran,Fall While Return,gasherbrum2
7/25/2011,Jeffrey Wai Hung Chung,Hong Kong,Fall in crevasse,broad_peak
9/15/2011,Hiroaki Kino,Japan,Cerebral apoplexy,everest
9/23/2011,Rostislav Krpec,Czech Republic,Unknown,cho_oyu
9/26/2011,Joerg Henning,Germany,Avalanche,cho_oyu
10/18/2011,Young-seok Park,South Korea,Unknown,annapurna1
10/18/2011,Ki-seok Kang,South Korea,Unknown,annapurna1
10/18/2011,Dong-min Shin,South Korea,Unknown,annapurna1
2/6/2012,Vitaliy Gorelik,Russia,"Frostbite, Cardiac Insufficiency",k2
3/9/2012,Cedric Hählen,Switzerland,Disappeared,gasherbrum1
3/9/2012,Gerfried Göschl,Austria,Disappeared,gasherbrum1
3/9/2012,Nissar Hussain,Pakistan,Disappeared,gasherbrum1
4/5/2012,Dawa Tenzing,Nepal,Stroke (CVA),everest
4/19/2012,Karsang Namgyal Sherpa,Nepal,Altitude sickness,everest
4/20/2012,Ramesh Gulve,India,Stroke,everest
4/21/2012,Namgyal Tshering Sherpa,Nepal,Fall into a crevasse,everest
5/5/2012,Tibor Horváth,Hungary,Avalanche,annapurna1
5/11/2012,Jafar Naseri,Iran,Unknown (disappeared),manaslu
5/19/2012,Shriya Shah-Klorfine,Canada,Exhaustion,everest
5/19/2012,Eberhard Schaaf,Germany,Cerebral oedema,everest
5/19/2012,Song Won-bin,South Korea,Fall,everest
5/20/2012,Juan José Polo Carbayo,Spain,Exhaustion,everest
5/20/2012,Ha Wenyi,China,Suspected altitude sickness,everest
5/20/2012,Ralf D. Arnold,Germany,Exhaustion and related complications after breaking leg at Second Step,everest
5/21/2012,Milan Sedláček,Czech Republic,Exhaustion,lhotse
7/31/2012,Zuzana Hofmannová,Czech Republic,Disappeared,broad_peak
7/31/2012,Muhammad Baqir,Pakistan,Fall,broad_peak
9/23/2012,Dawa Dorji Sherpa,Nepal,Avalanche,manaslu
9/23/2012,Christian Mittermeyer,Germany,Avalanche,manaslu
9/23/2012,Catherine Ricard,France,Avalanche,manaslu
9/23/2012,Phillippe Lucien Bos,France,Avalanche,manaslu
9/23/2012,Rémy Lécluse,France,Avalanche,manaslu
9/23/2012,Fabrice Priez,France,Avalanche,manaslu
9/23/2012,Alberto Magliano,Italy,Avalanche,manaslu
9/23/2012,Gregory Ugo Costa,France,Avalanche,manaslu
9/23/2012,Dominique Ouimet,Canada,Avalanche,manaslu
9/23/2012,Ludovic Challeat,France,Avalanche,manaslu
9/23/2012,Marti Roig Gasull,Spain,Avalanche,manaslu
10/4/2012,Victor Correa,Colombia,Unknown (disappeared),manaslu
10/7/2012,Iljas Tukhvatullin,Uzbekistan,Avalanche,annapurna1
10/7/2012,Ivan Lobanov,Uzbekistan,Avalanche,annapurna1
10/16/2012,Temba Sherpa,Nepal,Fall,lhotse
2/6/2013,Joel Wischnewski,France,Avalanche,nanga_parbat
3/6/2013,Tomasz Kowalski,Poland,Presumably exhaustion,broad_peak
3/6/2013,Maciej Berbeka,Poland,Disappeared,broad_peak
4/7/2013,Mingma Sherpa,Nepal,Falling into a crevasse,everest
4/24/2013,Liu Xiang-Yang,China,Fall on the descent from the summit,makalu
5/5/2013,Sergey Ponomarev,Russia,Suspected cardiac arrest,everest
5/5/2013,DaRita Sherpa,Nepal,Suspected cardiac arrest,everest
5/7/2013,Lobsang Sherpa,Nepal,Fall,everest
5/11/2013,Unknown,Germany,HAPE,shishapangma
5/15/2013,Alexey Bolotov,Russia,Fall,everest
5/17/2013,Namgyal Sherpa,Nepal,Unknown,everest
5/20/2013,Hsiao-Shih Lee,Taiwan,Altitude sickness,lhotse
5/21/2013,Sajal Khaled(Mohammed Khaled Hossain),Bangladesh,Suspected altitude sickness,everest
5/21/2013,Seo Sung-ho,South Korea,Suspected altitude sickness,everest
5/22/2013,Unknown climber,Nepal,Suspected altitude sickness,everest
5/23/2013,Dawa Sherpa,Nepal,Disappeared,dhaulagiri1
5/23/2013,Chizuko Kono,Japan,Exhaustion,dhaulagiri1
5/26/2013,Juanjo Garra,Spain,Fall and exposure,dhaulagiri1
6/22/2013,Peter Sperka,Slovakia,Killed by Taliban at Diamir Base Camp,nanga_parbat
6/22/2013,Rao Jianfeng,China,Killed by Taliban at Diamir Base Camp,nanga_parbat
6/22/2013,Anton Dobes,Slovakia,Killed by Taliban at Diamir Base Camp,nanga_parbat
6/22/2013,Igor Svergun,Ukraine,Killed by Taliban at Diamir Base Camp,nanga_parbat
6/22/2013,Badawi Kashaev,Ukraine,Killed by Taliban at Diamir Base Camp,nanga_parbat
6/22/2013,Honglu Chen,China (USA/China dual national),Killed by Taliban at Diamir Base Camp,nanga_parbat
6/22/2013,Sona Sherpa,Nepal,Killed by Taliban at Diamir Base Camp,nanga_parbat
6/22/2013,Ernestas Markšaitis,Lithuania,Killed by Taliban at Diamir Base Camp,nanga_parbat
6/22/2013,Ali Hussain,Pakistan,Killed by Taliban at Diamir Base Camp,nanga_parbat
6/22/2013,Yang Chunfeng,China,Killed by Taliban at Diamir Base Camp,nanga_parbat
6/22/2013,Dmitry Konyaev,Ukraine,Killed by Taliban at Diamir Base Camp,nanga_parbat
7/7/2013,Artur Hajzer,Poland,Fall,gasherbrum1
7/8/2013,Dana Heide,Germany,Slipped into a glacial stream near base camp,broad_peak
7/22/2013,Álvaro Paredes,Spain,Disappeared,gasherbrum1
7/22/2013,Xevi Gómez,Spain,Disappeared,gasherbrum1
7/22/2013,Abel Alonso,Spain,Disappeared,gasherbrum1
7/23/2013,Pouya Keivan [fa],Iran,Disappeared,broad_peak
7/23/2013,Aidin Bozorgi,Iran,Disappeared,broad_peak
7/23/2013,Mojtaba Jarrahi [fa],Iran,Disappeared,broad_peak
7/27/2013,Marty Schmidt,New Zealand / USA,Avalanche,k2
7/27/2013,Denali Schmidt(son of Marty Schmidt),New Zealand / USA,Avalanche,k2
8/9/2013,Zdenek Hruby,Czech Republic,Fall,gasherbrum1
4/2/2014,Mingma Tenzing Sherpa,Nepal,HAPE,everest
4/18/2014,Tenzing Chottar Sherpa,Nepal,2014 Mount Everest Avalanche,everest
4/18/2014,Aash Bahadur Gurung,Nepal,2014 Mount Everest Avalanche,everest
4/18/2014,PemTenji Sherpa,Nepal,2014 Mount Everest Avalanche,everest
4/18/2014,Ankaji Sherpa,Nepal,2014 Mount Everest Avalanche,everest
4/18/2014,Pasang Karma Sherpa,Nepal,2014 Mount Everest Avalanche,everest
4/18/2014,Phur Temba Sherpa,Nepal,2014 Mount Everest Avalanche,everest
4/18/2014,Then Dorjee Sherpa,Nepal,2014 Mount Everest Avalanche,everest
4/18/2014,Dorjee Khatri,Nepal,2014 Mount Everest Avalanche,everest
4/18/2014,Chhiring Ongchu Sherpa,Nepal,2014 Mount Everest Avalanche,everest
4/18/2014,Lapka Tenjing Sherpa,Nepal,2014 Mount Everest Avalanche,everest
4/18/2014,Phurba Ongyal Sherpa,Nepal,2014 Mount Everest Avalanche,everest
4/18/2014,Asman Tamang,Nepal,Avalanche (2014 Mount Everest ice avalanche),lhotse
4/18/2014,Nima Sherpa,Nepal,2014 Mount Everest Avalanche,everest
4/18/2014,Ang Tshiri Sherpa,Nepal,2014 Mount Everest Avalanche,everest
4/18/2014,Dorji Sherpa,Nepal,2014 Mount Everest Avalanche,everest
4/18/2014,Mingma Nuru Sherpa,Nepal,2014 Mount Everest Avalanche,everest
5/2/2014,Yannick Gagneret,France,HACE,makalu
7/30/2014,Miguel Ángel Pérez,Spain,Probably altitude sickness,k2
9/24/2014,Andrea Zambaldi,Italy,Avalanche,shishapangma
9/24/2014,Sebastian Haag,Germany,Avalanche,shishapangma
9/26/2014,Yoshimasa Sasaki,Japan,Fall,manaslu
10/15/2014,Gopal Rai,Nepal,Avalanche,dhaulagiri1
10/15/2014,Bhoj Kumar Rai,Nepal,Avalanche,dhaulagiri1
10/15/2014,Vladimír Švancár,Slovakia,Avalanche,dhaulagiri1
10/15/2014,Dorje Sherpa,Nepal,Avalanche,dhaulagiri1
10/15/2014,Ján Matlák,Slovakia,Avalanche,dhaulagiri1
3/24/2015,Pemba Sherpa,Nepal,Fall,annapurna1
3/24/2015,Samuli Mansikka,Finland,Fall,annapurna1
4/25/2015,Dawa Tsering Sherpa,Nepal,Base Camp avalanche following the April 2015 Nepal earthquake,everest
4/25/2015,Zhen-Fang Ge,China,Avalanche (2015 Mount Everest avalanches),lhotse
4/25/2015,Daniel Paul Fredinburg,United States,Base Camp avalanche following the April 2015 Nepal earthquake,everest
4/25/2015,Marisa Eve Girawong,United States,Base Camp avalanche following the April 2015 Nepal earthquake,everest
4/25/2015,Thomas Ely Taplin,United States,Base Camp avalanche following the April 2015 Nepal earthquake,everest
4/25/2015,Pemba Sherpa,Nepal,Base Camp avalanche following the April 2015 Nepal earthquake,everest
4/25/2015,Maila (Milan) Rai,Nepal,Base Camp avalanche following the April 2015 Nepal earthquake,everest
4/25/2015,Chhimi Dawa Sherpa,Nepal,Base Camp avalanche following the April 2015 Nepal earthquake,everest
4/25/2015,Pema Yishi (Hissi) Sherpa,Nepal,Base Camp avalanche following the April 2015 Nepal earthquake,everest
4/25/2015,Pasang Temba Sherpa,Nepal,Base Camp avalanche following the April 2015 Nepal earthquake,everest
4/25/2015,Krishna Kumar Rai,Nepal,Base Camp avalanche following the April 2015 Nepal earthquake,everest
4/25/2015,Tenzing (Tengien) Bhote,Nepal,Base Camp avalanche following the April 2015 Nepal earthquake,everest
4/25/2015,Renu Fotedar,Australia India,Base Camp avalanche following the April 2015 Nepal earthquake,everest
4/25/2015,Lhakpa Chhiring Sherpa,Nepal,Base Camp avalanche following the April 2015 Nepal earthquake,everest
4/25/2015,Vinh B Truong,United States Vietnam,Base Camp avalanche following the April 2015 Nepal earthquake,everest
4/25/2015,Shiva Kumar Shrestha,Nepal,Base Camp avalanche following the April 2015 Nepal earthquake,everest
4/25/2015,Unknown climber,?,Base Camp avalanche following the April 2015 Nepal earthquake,everest
4/27/2015,Hiroshi Yamagata,Japan,Avalanche (2015 Mount Everest avalanches),lhotse
5/1/2015,Jangbu Sherpa,Nepal,Died in Kathmandu due to injuries sustained in the Base Camp avalanche following the April 2015 Nepal earthquake,everest
7/1/2015,Qamber Ali Jangjupa,Pakistan,Avalanche,broad_peak
7/25/2015,Aleksander Ostrowski,Poland,Avalanche,gasherbrum2
10/1/2015,Zoltan Benedek,Austria,Probably altitude sickness,manaslu
4/24/2016,Jon Johnston,Australia,Fall in crevasse,shishapangma
4/24/2016,Patrik Matiolli,Switzerland,Fall in crevasse,shishapangma
5/11/2016,Lakpa Sherpa,Nepal,Death possibly due to lack of oxygen,makalu
5/11/2016,Dawa Tenji Sherpa,Nepal,Death possibly due to lack of oxygen,makalu
5/11/2016,Charles MacAdams,Canada,Cardiac event,everest
5/16/2016,Christiaan Johan Wilson,Netherlands,Disappeared,dhaulagiri1
5/19/2016,Ang Furba Sherpa,Nepal,Fall,lhotse
5/19/2016,Rajib Bhattacharya,India,Altitude sickness,dhaulagiri1
5/19/2016,Phurba Sherpa,Nepal,Fall,everest
5/21/2016,Eric Arnold,Netherlands,Altitude sickness,everest
5/22/2016,Marisa Elizabeth Strydom,Australia  South Africa,"Snow blindness, stroke",everest
5/22/2016,Paresh Chandra Nath,India,Exposure,everest
5/22/2016,Goutam Ghosh,India,Exposure,everest
5/22/2016,Subhash Pal,India,Altitude sickness,everest
9/30/2016,Pemba Sherpa (Taplejung 8),Nepal,Avalanche,shishapangma
10/26/2016,Hirotaka Onodera,Japan,Fall,manaslu
5/5/2017,Min Bahadur Sherchan,Nepal,Heart Attack,everest
5/20/2017,Ang Ngima Sherpa,Nepal,Fall/Exposure,dhaulagiri1
5/20/2017,Roland Yearwood,United States,Altitude sickness,everest
5/21/2017,Francesco Enrico Marchetti,Australia,Altitude sickness,everest
5/21/2017,Ravi Kumar,India,Fall into a 200m crevasse,everest
5/21/2017,Vladimír Štrba,Slovakia,Altitude sickness,everest
6/24/2017,Alberto Zerain,Spain,Avalanche,nanga_parbat
6/24/2017,Mariano Galvan,Argentina,Avalanche,nanga_parbat
9/25/2017,Philip Harvey,United Kingdom,Altitude Sickness,manaslu
1/27/2018,Tomasz Mackiewicz,Poland,Altitude Sickness,nanga_parbat
4/30/2018,Simone La Terra,Italy,Storm,dhaulagiri1
5/3/2018,Boyan Petrov,Bulgaria,Disappearance,shishapangma
5/14/2018,Ang Dawa Sherpa,Nepal,Altitude sickness,makalu
5/14/2018,Lam Babu Sherpa,Nepal,Disappearance (reportedly suffered from snow blindness),everest
5/16/2018,Park Shin-yong,South Korea,Exhaustion or altitude sickness,cho_oyu
5/17/2018,Rustem Amirov,Russia,Altitude sickness,lhotse
5/18/2018,Pasang Norbu Sherpa,Nepal,Stroke,everest
5/20/2018,Gjeorgi Petkov,North Macedonia,Cardiac arrest,everest
5/21/2018,Damai Sarki Sherpa,Nepal,Fall into a crevasse,everest
5/21/2018,Nobukazu Kuriki,Japan,"Hypothermia, had previously reported persistent cough and pain during attempt",everest
7/7/2018,Serge Dessureault,Canada,Fall,k2
7/22/2018,Kojiro Watanabe,Japan,Fall during descent,k2
9/8/2018,Hiromi Komatsu,Japan,Rescue helicopter crash,manaslu
9/27/2018,Dawa Gyaljen Sherpa,Nepal,Avalanche,dhaulagiri1
9/29/2018,Roman Hlávko,Czech Republic,Probably fall,manaslu
2/24/2019,Tom Ballard,United Kingdom,Unknown,nanga_parbat
2/24/2019,Daniele Nardi,Italy,Unknown,nanga_parbat
4/20/2019,Chris Daly,United States,Died after a fall while trekking down from base camp,everest
5/1/2019,Phujung Bhote,Nepal,Crevasse,cho_oyu
5/3/2019,Wui Kin Chin,Malaysia,Hypothermia/Frostbite,annapurna1
5/8/2019,Richard Hidalgo,Peru,Unknown,makalu
5/16/2019,Narayan Singh,India,Altitude sickness,makalu
5/16/2019,Séamus (Shay) Lawless,Ireland,Presumed dead after fall,everest
5/16/2019,Dipankar Ghos,India,Disappearance,makalu
5/17/2019,Ravi Thakar,India,Altitude sickness,everest
5/17/2019,Ivan Tomov,Bulgaria,Cerebral edema,lhotse
5/22/2019,Donald Cash,United States,Altitude sickness,everest
5/23/2019,Anjali S Kulkarni,India,Exhaustion on descent,everest
5/23/2019,Nihal Bagwan,India,Exhaustion on descent,everest
5/23/2019,Ernst Landgraf,Austria,Exhaustion on descent,everest
5/23/2019,Kalpana Dash,India,Exhaustion on descent,everest
5/24/2019,Dhruba Bista,Nepal,Exhaustion and altitude sickness,everest
5/24/2019,Nima Tshering Sherpa,Nepal,Unknown,makalu
5/24/2019,Kevin Hynes,Ireland,Altitude sickness,everest
5/25/2019,Robin Haynes Fisher,United Kingdom,Exhaustion during descent,everest
5/27/2019,Christopher Jon Kulish,United States,Cardiac event during descent,everest
9/28/2019,Rita Bladyko,Poland,Altitude sickness,manaslu
1/16/2021,Sergi Mingote,Spain,Fall during descent from base 1,k2
2/5/2021,Atanas Skatov,Bulgaria,Fall during descent from base 3,k2
2/5/2021,Ali Sadpara,Pakistan,"Frozen to death due to storm, remains found July 2021",k2
2/5/2021,Juan Pablo Mohr Prieto,Chile,"Frozen to death due to storm, remains found July 2021",k2
2/5/2021,John Snorri Sigurjónsson,Iceland,"Frozen to death due to storm, remains found July 2021",k2
5/12/2021,Puwei Liu,United States,Exhaustion,everest
5/12/2021,Abdul Waraich,Switzerland,Exhaustion,everest
5/18/2021,Pemba Tashi Sherpa,Nepal,Fall into a crevasse,everest
5/23/2021,Wong Dorchi Sherpa,Nepal,Fall into a crevasse,everest
7/19/2021,Kim Hong-bin,South Korea,Fall,broad_peak
7/25/2021,Rick Allen,United Kingdom,Avalanche,k2
9/29/2021,Brent Seal,Canada,Stroke,manaslu
